Commercial;DEPT
Julie;01
Marina;02
Julie;03
Caroline;04
Marina;05
Marina;06
Bruno;07
Marina;08
Bruno;09
Marina;10
Bruno;11
Bruno;12
Bruno;13
Aline;14
Bruno;15
Pierre-Emmanuel;16
Pierre-Emmanuel;17
Julie;18
Caroline;19
Marina;2A
Marina;2B
Julie;21
Aline;22
Caroline;23
Pierre-Emmanuel;24
Julie;25
Bruno;26
Marina;27
Marina;28
Aline;29
Bruno;30
Bruno;31
Bruno;32
Pierre-Emmanuel;33
Bruno;34
Aline;35
Caroline;36
Caroline;37
Julie;38
Julie;39
Pierre-Emmanuel;40
Aline;41
Julie;42
Bruno;43
Aline;44
Aline;45
Bruno;46
Pierre-Emmanuel;47
Bruno;48
Aline;49
Aline;50
Marina;51
Marina;52
Aline;53
Marina;54
Marina;55
Aline;56
Marina;57
Julie;58
Marina;59
Marina;60
Aline;61
Marina;62
Caroline;63
Pierre-Emmanuel;64
Bruno;65
Bruno;66
Marina;67
Marina;68
Julie;69
Marina;70
Julie;71
Aline;72
Julie;73
Julie;74
Marina;75
Aline;76
Marina;77
Marina;78
Caroline;79
Marina;80
Bruno;81
Bruno;82
Caroline;83
Bruno;84
Aline;85
Pierre-Emmanuel;86
Pierre-Emmanuel;87
Marina;88
Julie;89
Marina;90
Marina;91
Marina;92
Marina;93
Marina;94
Marina;95